35157,長期インターンの1番について詳しく知りたいです。
35159,見つかりましたでしょうか？
35160,こんにちは〜！遅れたんすけど、「LIAR GAME」のような知的冒険プログラム(2Days)気になりまーす！！
35161,こんばんは
35162,わかりました！ありがとうございます！
35164,プール学院大学短期大学部秘書科2年です。
35166,外資コンサルの新卒社員が受けるトレーニング内容や、そこで用いられる資料についてご存じでしたら教えて頂きたいです
35168,商社10社程受けたのですが、どこも一次面接で落ちてしまいます。向いていないのでしょうか。一方でメーカは3社受けて2社最終面接までいきました。
35177,ありがとうございます！紹介します(えへへ)
35179,DI、フロムスクラッチのインターンが終わり、経済産業省が残っています
35190,インターンは参加しないことになりました。
35191,ありがとうございます
35192,承知しました。数多くのアドバイスありがとうございます。
35203,遅くなってしまい申し訳ありません。明日の夕方までにはご連絡するという形でもよろしいでしょうか？
35214,今のところ大丈夫です
35222,そうですか…基本的に関西にいるので東京の長期インターンはどこも厳しいです。
35227,ありがとございます。よろしくお願いいたします。
35229,日野自動車の件、承知致しました。今後選考を受ける予定は無いです。1社内々定を頂き、もう1社も連絡待ちですがおそらく内々定を頂けます。
35232,ありがとうございます！
35234,よろしくお願いいたします
35243,返信ありがとうございます！やはりセミナーになってくるんですね日程の問題でそれには参加できないなでセミナーの方向で検索してみますー！
35244,いまはまだどこにもエントリーしておりません。マツダとファーストリテイリングは最終までいきました。
35251,ありがとうございます！
35254,まだ行けるところがあるんですか？
35262,ありがとうございます。そうです。ただし、日野自動車は内々定を頂いても行かない可能性が高いです。
35270,勤務地は、地方以外でしたら特にこだわりはありません。よろしくお願い致します。
35278,宜しく御願い致します。2017年卒業です。
35285,返信できず申し訳ありません。部活があるので、参加することができません。ご丁寧にご招待いただいたのにもかかわらず、お断りしてしまい申し訳ありません。
35296,スターパートナーズを希望致します。ありがとうございます。応募は個人でサイトから申し込む形でよろしいのでしょうか？
35314,京都住みなので大阪なら交通費支給、東京なら宿泊費と交通費はいただきたいです。それ以外は見て決めたいです！
35318,大丈夫なのでよろしくお願いいたします。
35320,承知しました。日程を調整してまたご連絡します。
35321,はい、短期インターンの一つ目です。詳細お伺いできたら嬉しいです！
35327,そう考えています。夏はどうすればよいのか分からずあまり対策が出来なかったと感じているので、ぜひ教えていただきたいです。
35328,受けている企業は聞かれましたが、志望度は聞かれませんでした。三菱電機です。
35329,ご丁寧にありがとうございました！大変参考になります！
35331,書籍等あわせて教えていただけるとありがたいです
35332,9月、短期、東京で探しています
35333,希望は長期なのですが研究との兼ね合いもあるので、どちらも教えていただきたいです！
35346,今ワークスの2次選考の結果が届き、合格だったのでご紹介いただいたインターンは遠慮しておきます。親切にありがとうございます！
35348,これは今年の夏に行われるインターンですか？
35351,ありがとうございます。宜しくお願いします。
35352,ありがとうございます！頑張ります！！
35355,京大_鈴木康真_18卒がスタンプを送信しました。
35358,ありがとうございます。上記はホテルやブライダルが中心だと思いますが、旅行系の企業のおすすめのインターンがもしありましたら、教えていただきたいです。
35364,なるほど、そうですよね。ありがとうございます。
35365,それと、よく｢旅行業界はブラック｣というウワサを聞くのですが、実際はどんな感じなのですか？？
35368,ありがとうございました！
35369,なるほど、旅行関係の会社に入ると、始めはだいたい添乗員をやることになるんですか？
35370,質問多くてごめんなさい。
35371,技術職です。承知致しました。
35375,いえ！まだ自分が探り探りでやっている状態なので有難いですまたよろしくお願いします！
35377,なるほど、ありがとうございます。旅行・観光業界に興味があるので、いろいろ調べてみます！また有益な情報がありましたら、教えていただけると嬉しいです！
35378,あまり受けていないので大丈夫ですよ。某私大です。
35379,見つけてくださった企業を教えてください。
35380,特に、ありません。
35381,詳しくありがとうございます！セミナーとかもあるのですね、、秋選考に向けて対策していこうと思います！
35382,ESにたくさんかいてしまったのですが、その上でPRすることは一つでも大丈夫でしょうか...？
35384,27日と28日の予定を確認したところ両日予定が入ってしまっていました。すみません...またこのような講座がありましたらご紹介頂けたら幸いです。よろしくお願いいたします。
35387,いま海外にいるので参加できないです。ご連絡ありがとうございます。
35389,小川徹と申しますよろしくお願いします名古屋大学大学院修士2年多元数理科学専攻(数学専攻)友達に教えて貰いました
35390,興味はあるのですが、20日は都合が合わないので行けません。。ご紹介ありがとうございました。また別のセミナーなどあれば教えていただきたいです！
35403,ご連絡ありがとうございます1度企業研究を行なわせて頂きます。長文お気になさらず！24時間運行は便利でしたね、セントラルロンドンまで一直線でしたし笑
35405,ありがとうございます。 1度エントリーしてみます。
35409,GDに関してアドバイスをくださりありがとうございます！毎回本当に感謝しています！上記を意識して挑んできます！
35412,九州大学、修士１年、材料物性工学専攻、食堂に貼ってあったから
35418,よろしくお願いします。
35419,ありがとうございます(>_<)わかりました！！引き続きよろしくお願いいたします(>_<)
35424,新日鉄住金ソリューションズの面接に落ちてしまい、ネオキャリアさんの一次選考の結果待ちです
35425,グループディスカッションにおいてどこが重視されているのでしょうか
35426,事細かくありがとうございます！！m(_ _)m考えてみます！！！
35427,質問に対する答えを見ていただくことはできますか？？(>_<)
35428,わざわざありがとうございます。
35439,ご連絡ありがとうございます。もう予定が入ってしまっているので12.13日のままで大丈夫です。よろしくお願いいたします。
35441,ありがとうございます(>_<)よろしくお願いいたしますm(_ _)m
35454,明学_茂木リホ_17卒が画像を送信しました
35455,履歴書はこのような内容で提出してあります！
35476,生憎その日に都合が悪いですが、情報ありがとうございます〜
35485,長文になってしましました。。ご確認お願いいたします。
35487,はい、かしこまりました。
35488,とても参加したいのですが、25～29はネットプロテクションズというベンチャーのインターンに参加するので無理そうです。。。
35489,プログラミングは身に付けたい要素なので機会がありましたらぜひまた教えてください！
35490,浜学園は、新卒者も講師になるのでしょうか？
35491,それと、講師教育とは具体的に何をするのでしょうか？
35494,大丈夫です！
35496,機械メーカーを受けようと思っております。タダノや井関農機など、機械で世界の産業を支えている企業です。
35498,進んでおりません！
35510,就職活動とはどの位から始めているものなのですか？また、インターンシップの参加によって就職への影響はあるのですか？
35517,はーい
35518,こんにちは。まだ定員に達していなかったら1dayプログラミング講座にぜひ参加させていただきたいです。
35519,東京工業大学生命理工学部の頼金瞳です。ぜひ参加したいです！よろしくお願い致します。
35522,はい、ありがとうございます！
35523,ありがとうございます！
35529,ありがとうございます。周りの人にも紹介します！
35530,メーカーのインターンでまだ締め切ってないところなどはありますでしょうか？
35540,お手数ですが、スケジュールの方よろしくお願いします。
35541,電気系の学科に所属してます。
35542,ありがとうございます。
35543,以前紹介いただいたLoco partnersの志望動機への添削をお願いしてもいいですか？
35545,よろしくお願いします。ありがとうございます！是非紹介させていただきたいと思います。
35546,すみません、予定が入っています！
35547,千葉大学、4年、経済です！
35562,ありがとうございます！
35563,これはゼネラルパートナーズという株式会社のものなんですが、これもお願いします
35564,学力がなくても採用されますか？
35570,そーですね、、、なんか抵抗がある感じかもしれないですね。。。どーしたらいいのか本当によくわかりません。。。
35571,わかりました！こちらこそいいお返事できずに申し訳ないです。次回行ければ行きたいと思います！宜しくお願いします！
35572,TOEICは受けないといけませんか？
35577,かしこまりました。よろしくお願いします。
35578,ありがとうございます。ご指摘をもとにもう一度書き直してみようと思います。
35582,有難うございます！
35585,わざわざありがとうございます。有意義に使わせて頂きます。
35587,ご連絡が遅れ大変申し訳ありません。まだ定員に達していませんでしたら、8月27日(土)の回に参加させていただきたく存じます。よろしくお願い致します。
35588,添削ありがとうございましたm(_ _)m
35589,役員面接落ちてしまったと思います.....1時間の時間があったのに30分しか面接していませんでした....そしてあまり深堀はされませんでした....
35590,大変申し訳ございません。先ほど、２７日（土）の回と申し上げましたが、２８日（日）の回の参加でよろしくお願いいたします。
35598,実際に業務を体験できるところが好ましいです！
35602,ありがとうございます(>_<)そうですね。連絡を待ってみます。他の企業には現在エントリーしていませんので、これからエントリーしていきます！
35603,オススメのインターンシップイベントはありますか？
35606,続けざまに申しわけありません。よろしくお願い致します。
35609,30はなしということですか？
35610,東京に住んでいるので、スカイプでなくて大丈夫です。
35611,２７日（土）は選考が入る可能性がございまして、仮予約でも構いませんでしたら、よろしくお願いいたします。
35612,また、現在、IT企業を中心に７～８社の選考（面接）を進めております。２社は最終選考が近日にあります。
35616,でも、正直なところ、客観的に僕の反省点を教えてほしいです。自分にもよくわかりません。
35617,三重県公務員に合格しました、、、
35619,コンサルティング業界について教えてください
35620,自己分析してみたいです！
35628,ITコンサルに新卒でなる場合、ITスキルはどの程度必要ですか?
35646,ありがたいです！よろしくお願いいたします(>_<)アクロクエスト様のことご連絡出来ずすみません...(>_<)
35651,大手じゃなくても大丈夫です！場所は東京近辺でよろしくお願いします！
35657,こんにちは、エリーパワー様の選考ですが、25日15時からに決定致しました
35704,ありがとうございました。無事履歴書が提出できました。
35771,紹介してくださり、ありがとうございます。今回は日程が大学の授業日と被ってしまうので参加できません。
35779,論理的思考力や思考体力はどのように測定しますか?
35781,すみません。。もう一度アクロクエスト様について見直してみます。それからお返事させて頂いてもよろしいでしょうか？(>_<)
35782,こんにちは。ご連絡ありがとうございます。来週でしたら、23日の午後と26日の午後以外なら時間が空いております。よろしくお願い致します。
35783,ご予約していただきありがとうございます。万が一、27日が参加できませんでしたら、９月の回に参加させていただきたく存じます。
35785,事務系出来れば公務員に近いお仕事でまだ応募できるものありますか？
35786,応募したものに落ちてしまって
35790,ありがとうございます。ESでインターンの選考結構な数落ちているので、早く書き方を身に付けたいです。
35799,お久しぶりです！アクロクエストさんからの連絡って前に送ったメールアドレス宛に来ますか？
35800,市役所とか庁とか今都庁のものには応募していますが、1日のみなのでちょっと不安で
35801,厳しかったら、普通の企業の事務系の情報があればお願いしたいです
35802,わかりました！ありがとうございます(^^)
35803,インターンは民間しか出していませんが、最近色々考えて、埼玉県庁を目指すことにしました。
35804,ご返信ありがとうございます。ＥＳの提出や面接日時の確定などは済んでおりません。
35805,とりあえず部活の先輩の教材をもらって少し勉強を始めたところです。
35806,それと、日清のES通りました！(仕掛け絵本のやつです)次は面談だそうです。
35807,ありがとうございます(>_<)またご連絡させていただきます！
35808,23日迄にはご連絡いたします。
35810,今はこのように考えています。もう少し具体化した方がいい箇所、意味不明な箇所、その他厳しいご意見を頂けたら幸いです。
35811,一点付け加えですが、もしも裁量が30代で満足に頂けたら、起業はしません。会社の中だとリスクは低いし、起業したいのは自分がやりたいことをやりたいだけやりたいからです。
35813,興味のある企業は化学系です。
35818,うまくかけていないと思いますが、このようなことでよいでしょうか？
35819,はい、そこまで大きなことでなくとも部署の中でトップになるとか、自力でなれることを目標として、夢として語れることだけで十分なのですね。
35820,是非お願いしたいです。23日の17時などは可能でしょうか？ 無理なようでしたらもう少し早い時間に調整致します。
35824,9月末のインターンプログラムにぜひ参加したいと考えているのですが、「就活Myコンシェル」経由とは、どのように応募すればよいでしょうか？
35825,夜分遅くにごめんなさい27日に選考が入ってしまったため28日に変更することができますか。
35826,東京理科大学理学部第一部物理学科3年生このサービスは、郵送DMで知りました。よろしくお願いします！
35827,確かに天気悪いですね。
35831,就活の準備として、何をしたらよいかわかりません
35832,ありがとうございます3 面接におけるやり取りにおいて、気をつけておくことは何ですか?
35833,こんにちわ
35834,就職に関する相談をしたいです
35853,いま大丈夫です
35854,はい、現在3年生です。
35869,就活を今まで甘く見てまして内々定もらっていたところを辞退してしまいまして就職先がないという状態です。
35876,はい、お話させていただいてよろしいでしょうか。
35886,把握できました疑問点はございません
35888,よろしくお願いします
35890,今日中には送れると思います
35892,今のところは食品メーカーを中心にエントリーしましたが、ほぼ全部だめでした。
35893,インターン先にお土産持っていた方がいいですか？
35896,はい。
35900,明日は一次面談が終わり通っていれば午後に二次というのでいいのでしょうか？
35901,こんばんは。法務省の保護監察官区分で最終合格いたしました。今後は管区面接があります。警視庁はまだ結果待ち、というところです。
35903,以上です。
35904,お疲れ様です。ES書くのが苦手なのですがどうしたら良いでしょうか？
35905,すいません、就活の状況はデザインネットワークという会社から内定を頂いた段階です
35906,今日説明会と筆記テストに伺いました。とてもいい会社でぜひ入りたいと思ったのですが、筆記テストが...って感じでした
35907,ありがとうございます！確認します
35910,ありがとうございます！！そうです、あまり行きたいとは思ってません！！
35913,なるほど。ありがとうございます。
35915,大丈夫です！具体例をお願いします。
35917,かしこまりました
35919,すみません、まとまっていなくて…
35922,はい！
35923,先ほど連絡頂きました！
35926,ありがとうございます！よろしくお願い致します
35927,電話面談のご連絡、ありがとうございます。内容について、すべて承知いたしました。
35928,ありがとうございます！では27をキャンセルでお願いいたします
35930,はじめまして！弘前大学 人文学部 3年  現代社会課程 国際社会コース所属です！サービスを利用している友人に紹介してもらって利用しました！
35946,ありがとうございます！具体的な書き方を教えていただきたいです！
35947,しっかり理解できました
35949,ありがとうございます
35950,ありがとうござきます！！しっかり、見てきたいと思います！！
35952,それ以外だとしばらく厳しく。。
35954,モチベーションの源泉になっているものがわかりません
35955,中部大学応用生物学部応用生物化学科インスタグラムで流れてきて、見つけました！
35956,なるほどー！インターンシップは自分の就きたい業種中心に参加するのがよいのでしょうか？
35967,ご連絡遅くなりすみません。残念ながら日程がすべて合わないので参加できなあです。
35968,はい、時間はとれます！携帯番号でよろしいですか？
35969,ないですm(_ _)m
35972,こんにちは。是非よろしくお願い致します！志望動機など改めて聞いて頂きたいです。本日の16時以降でしたらいつでも大丈夫です！
35974,了解しました！よろしくお願いします
35982,はじめまして
35997,ありがとうございます。何卒よろしくお願いします！
35998,調整してみます。。
35999,9/1、2の朝11時から本社で如何でしょうか？
36001,これをどうにか短く説明出来ないかなと考えています。
36002,理想科学工業さんの面談で受けた学生時代本当に頑張ったって自信を言えることについてのアドバイスから考えてみたのですが、うまくまとまっているでしょうか？
36003,理想科学工業さんの面談で受けた時に、学生時代本当に頑張ったって自信を言えることについてのアドバイスをうけて考えてみたのですが、うまくまとまっているでしょうか？
36004,ものをつくることと言うよりも、基礎を学び、応用していくより深く理解していくとかの方がいいでしょうか？
36005,ものをつくることと言うよりも、基礎を学び、応用していくことでより深く理解していくとかの方がいいでしょうか？
36006,優良化学メーカーを教えてください
36011,了解しました！設問毎に送信します！
36017,です。
36018,今出先なので帰宅したら連絡します
36023,わかりました。ご連絡、ありがとうございます。質問事項がありましたら、また連絡させていただきます。
36024,今電話できます
36025,遅くなってすいません
36027,その他に関しては相談に乗ってもらった内容と同様です！
36030,ありがとうございます。宜しくお願いします長期は日程的に厳しいので短期を希望しています。今のところ興味のある業種は、広告・メディアと、コンサル、美容です
36041,名古屋だと行きやすいのでありがたいですが、東京でも大阪でも行きたいところなら行く覚悟はあります！
36045,譲れないポイントとしては休日、給料、勤務地の他に何かありますでしょうか？
36052,では、とりあえず勤務地は県外に視野を広げます
36057,お願いします。最低水準生活できればとりあえずは大丈夫ですのでよろしくお願いします
36062,わかりました。後者で考えていきます
36071,短期間でやれるバイトとかあったら教えて欲しいです！
36073,お久しぶりです。先日インターンシップに参加してまいりました。お礼状を書くのですが、便箋の枚数に制限はあるのでしょうか。教えていただきたく存じます。
36074,私の強みはものづくりへの興味やこだわりで実際にいろんな物を作ってきた経験とその中から感じた想いだと思うのでそれをしっかり伝えれるように頑張ります
36075,畏まりました。メールが来るということでしょうか？
36076,開催地は東北周辺で短期のものでお願いしたいです。
36077,接客業全般でお願いします！
36078,これからもよろしくお願いします！
36082,･奈良県･プログラマー･新卒募集これらの条件を満たす企業はありますか？
36083,夜分遅くに失礼します。金融の知識や金融業界のことを知ることができる短期インターンってご存知ありますか？
36084,ご連絡が遅れ、も申し訳ございません。それでは、２７日によろしくお願いいたします。
36085,はい、分かりました！ありがとうございます！
36092,ありがとうございます。よろしくお願い致します。
36101,こんにちは。内容や条件等を拝見させていただき、今回は応募しないことにしました。ご連絡ありがとうございました。
36106,おはようございます！月曜日にフィットコーポレーションに応募しましたが、まだ連絡が帰ってきておりません。
36110,おはようございます。いえ、経済的な事情で地方から東京まで通うのは難しいので応募は見送りました。ご紹介頂きありがとうございました。
36113,ありがとうございます！長期インターンではないですが、以前ご紹介いただいた短期インターン2のBizcamに興味を持っています。
36115,こんにちわ
36116,わきぐちさん
36117,こんにちはどちらも興味のある企業ですが、優先度ではアクロクエスト株式会社の方に興味があります。
36119,こんにちは。ご連絡ありがとうございます。申し訳ありませんが、今回ご紹介していただいたものには応募いたしませんでした
36120,今回はこのような運びとなりましたが、今後もよろしくお願いいたします。
36126,大学の実習で習いました。ゼミもプログラミングをしています。
36127,プログラミングの能力は普通ぐらいです。
36131,はい、大丈夫です。よろしくお願いします！
36135,ありがとうございます！サービス業だとどのようなインターンシップがありますか？
36141,お手数おかけします。ありがとうございます！
36150,ありがとうございました。
36154,ご連絡ありがとうございます。かしこまりました。
36158,ありがとうございます、助かります！
36170,申し訳ありません。その日は違うインターンが入っているため参加できません
36171,ご連絡ありがとうございます。申し訳ありませんが、留学中のため日程が合わず参加できません。次回ぜひお願いいたします。
36191,すみませんが都合が合わないのでお断りさせていただいてもよろしいでしょうか
36192,ありがとうございます。すみません。その日は予定が入っていました。
36196,現在はNEC通信システムの選考結果待ちです。今週の土曜日の件ですが、予定がある為行くことが出来ません。大変申し訳ございません。
36197,ご連絡ありがとうございます。色々と模索してみたのですが、日程の都合がつけられそうにありません。せっかく頂いた機会ですのに、申し訳ありません。
36198,質問なのですが、キャリアコンサルであったり、コンサル業界の実務を垣間見れる有給長期インターンなどはあるのでしょうか
36199,すみません、現在webプログラミングについては長期インターンをやらせて頂いており、そちらに注力すれば十分だと考えているため参加は見送らせていただきたいですm(_ _)m
36225,ありがとうございます！またよろしくお願いします！
36270,できれば東京メトロ千代田線や山手線沿線がありがたいです！
36304,すみませんが9月は他のインターンが入ってしまっておりまして残念ながら参加致すことはできません。
36306,ありがとうございます。今後とも、どうかよろしくお願いいたします。
36308,誠に申し訳ありません今月と来月は別に予定があります。面談の件は中止にさせて頂きたいです。
36309,こちらこそありがとうございます。またよろしくお願いいたします。
36311,ありがとうございます！スターパートナーズとパートナーズについてもう少し詳細を頂けますか！
36312,お久しぶりです！長らく連絡が滞ってしまい大変申し訳ありません。どのインターンシップも条件が適さず申し込めておりませんでした。
36314,申し訳ありませんその期間は帰省してます
36315,再生可能エネルギー
36316,ありがとうございます。
36317,はい、毎度ありがとうございます！
36318,それ以外あと2社あるので、多分そんなに余裕が取れないと思いますが…ご連絡ありがとうございます〜
36319,分かりました。ありがとうございます！
36325,そうです
36326,実際にどういう風に働いているのか説明していただいて働くイメージが少しできました
36328,時間にシビアな厳しい環境でも通用するストレス耐性であったり、任されたことを最後までやりぬく意思をアピールするのがいいでしょうか？
36329,アルバイトのガソリンスタンドでの洗車作業や整備作業で時間に終われながら完璧な仕事をするという経験していたのでそういうことを話せばいいんでしょうか？
36333,あかさ
36335,はら
36336,ゆ
36337,や
36338,きました！
36344,また給油作業や接客作業でもオーダーミスが許される現場じゃないのでお客様への確認、車の給油口の確認は特に意識してましたね
36345,せっかくのお話だったのですが、日程が合いませんでした
36348,すみません
36350,個人情報を教えるのは怖いです。丁寧な御返事をありがとうございました。
36351,ガソリンスタンドだと割と当たり前なことしかしていないと思いますが、それでもすごくストレスと戦いながら自分を高めれた経験のひとつではあるかなと感じています
36352,辞めた理由は就職活動と、上司や会社の体制による現場の責任負担が重いのに待遇が悪いので学業と並行しては出来ないと感じたからです
36356,事務作業嫌いなのに押し付けて来るときは接客給油も意識しながらやれっていうのに、自分が事務作業するときは私に完全に任せっきりだったんです、笑
36357,返信遅れましたごめんなさい、大学のほうが始まってしま１０日間は難しいです…
36365,はい！ありがとうございます！
36388,何聞かれるのですかね？とくに用意していかなくても大丈夫ですか？、
36390,筑波院_竹内高広_18卒がスタンプを送信しました。
36392,本当ですか？もし可能であればぜひ参加させて頂きたいです！
36393,接客業を含めたサービス業だといいです！あまり具体的にイメージが湧かなくて…
36394,あと、スターバックスのインターンシップに申し込みをして、エントリーシートの提出をしなければならないのですが、書くときのポイントを教えてほしいです！
36395,お願いいたします
36396,はい！
36398,ごめんなさい、ちょっと日程が合わないので参加は見送らせていただきます。
36401,同じ明治大学のアイセックという学生団体からのご紹介です。色々と意見を聞きたいので、よろしくお願い致します。、
36403,すいませんAIだと思ってました汗風力などの再生可能エネルギーに取り組んでいる企業、または開発や発展に携われる企業について知りたいです。
36405,説明させていただいている中で気付いたのですが、概要と内容を1度分けてから説明する方が私は得意みたいです。
36408,通訳系の仕事をしたいのですが、今でも間に合う企業があれば教えてください！
36415,ありがとうございます。急な申し込みにもかかわらずご対応くださり誠にありがとうございます、
36417,こんにちはそうですよね、予定を変えようと思います。ちなみに企業を大阪の方まで広げることは可能ですか？
36423,期間にこだわりは無いのですが、内容には多少拘ると思います。
36425,ご紹介いただき、ありがとうございました。
36426,分かりました、ありがとうございます。お電話での相談が良いですが29日以降なら大丈夫です。
36427,かしこまりました。もし可能であれば鹿児島にアクセスしやすい場所で勤務出来ればと思いご質問させて頂きました。
36428,ありがとうございます！ぜひ自己PRの書き方教えていただきたいです！
36429,美容や教育系などいまは興味がありますが、固定はせずに探してもらえたらありがたいです！
36430,紹介していただいた予定があって参加できないのですが…こちらでエントリーシートの添削などをしていただくことは可能でしょうか？
36431,↑紹介していただいたものは
36432,個人的に応募したインターンで、落ちてしまった企業からエントリーシートについてフィードバックがあったのですが、コツがよくわからなくて…
36443,ご連絡ありがとうございます。よろしくお願い致します。
36444,来春卒業予定で、今から本選考に間に合う企業で大丈夫です。中国語ができます、専攻は異文化コミュニケーションです。業界はホテル、旅行関係、航空会社を希望しています。
36448,非常に勉強になりました。今後どの業界に行くか考える上でも参考にしていきたいと思います。はい。宜しくお願い致します。
36449,ありがとうございます。30日の14:00から電話可能です。
36451,どうやったらアメリカで就職できるのでしょうか？
36453,今はとりあえずインターンは探していないので大丈夫です。ありがとうございます。
36455,こんにちは。安永隼馬(やすながはゆま)と申します。牧野さんの紹介でjpホールディングスのインターンを希望します。よろしくお願いします。
36456,ありがとうございます。嬉しいです！！はい、ありがとうございます！！
36459,今日希望をメールにて送らせていただきました。
36460,ありがとうございます。自身の強みが伝え切れたかどうかは正直微妙なところですが、ある程度緊張せずに出来たと思います。
36463,ご連絡ありがとうございます！詳細の件かしこまりました。当日何卒、よろしくお願い致します。
36481,ご連絡ありがとうございます。参加を検討したいと思いますので、選考方法や締切など応募詳細を送っていただけますでしょうか。
36485,ありがとうございます。8月27日のインターンに少し興味があります。、
36486,返信ありがとうございます！ご丁寧な説明痛み入ります。僕は今大学二年生です！
36493,どのような考え方をして今まで生きてきたかを中高から順を追って聞いていく感じですね。単純に学業で力を入れた事などを聞かれる事はありませんでした。
36496,短期のものでお願い致します。
36500,ぜひ教えていただきたいです！よろしくお願いします。
36501,また、freebit株式会社の事業部長面接、合格することができました。9/1に最終面接を受けることになりました！アドバイス頂きまして本当に有り難うございまし（；＿；）
36502,ました（；＿；）！
36504,非常に興味はあるのですが、18時から他のインターンの説明会を予約しており完全に18時までやるとなるとかなり厳しいと感じます。
36511,おはようございます。今メールのやり取りにて日程を決めている段階なので決まり次第お伝えしたいと思います。
36512,"面接日は決まっておりません。ES,PS提出、WEBテスト受験後、面接日が決まる予定です。ぜひ、模擬面接をお願いしたいです。"
36513,こんにちは。ご連絡ありがとうございます。質問なのですが、面接は何回あるのでしょうか。
36523,よろしくお願いします！
36540,予定が重なっていて、参加できそうにありません。
36541,興味はありますが。
36549,興味がないるので、情報をいただけますでしょうか？
36559,ありがとうございます！！
36561,フィードバックにあったことを改善するには文字数が少なくて、どのように改善すれば良かったのかつかめずにいます…
36565,失礼しました。興味があるので情報をいただけますでしょうか？
36571,途中退場が認められるのであれば是非参加させていただければと存じます。
36572,ありがとうございます！とても興味あります！
36573,ZUUの1DAYインターンいけたらいきたいです！
36582,素晴らしいとしか言いようがないです恐れ入ります語彙力、要約する力は私の弱点でもあります。。
36607,せっかくご紹介いただいたのですが、その日はすでに予定が入っておりまして行くことができません。
36608,詳しく教えてください
36615,はい。お願いします。
36619,以前質問にあった事なんですが、興味を持っている業界はサービスやマスコミ系、運輸です。都合の良さそうな日程は10月以降です。
36623,すっごく行きたいです！ただ土曜日ですか、、、
36624,興味あります
36625,かしこまりました。
36628,大学：慶應義塾大学学年：学部3年専攻：総合政策学部、アジア開発専攻このサービスを知ったキッカケ：知人の紹介
36636,ご連絡ありがとうございます。大変興味はあるのですが、9月には留学先に戻ってしまっていますので、残念ながら参加できません。
36639,来年1月に帰国しますので、1月以降のインターン・説明会の情報がありましたら随時お知らせ下さい！
36646,9月17日に予定があるので参加できそうにないです…ご連絡ありがとうございます！
36655,そうですよね、、少し検討させていただけますか？お時間どのくらいいただけますか？
36657,曖昧で申し訳ありません。短期で2days以上です。よろしくお願いいたします。
36658,ありがとうございます。いまのところ特にないです！
36660,"かしこまりました。今のところ、8/29,30日の16時以降以外であれば、来週はいつでも時間があります。できれば午前中に設定していただけると有り難いです。"
36661,はい！ありがとうございます！
36664,はい。ぜひお願いします！
36665,えー、9/2金曜日の14:30からの面接で決まりそうです！！ご確認お願いします
36692,無事就職活動を終えました。応援ありがとうございました！
36700,もし９月以降でも映像関係でインターンシップを行っていますならば、そちらもお話を聞けたらなと思っています。
36707,就活終わりました！
36709,コクヨの面接に合格しエンジニアインターン行けることになりました!
36715,大丈夫です。よろしくお願いいたします。
36717,ですが日清にES出したのですが通りませんでした。
36720,また、会社選びをする際に個人的には福利厚生を重視したいのですが企業の福利厚生などはどのように調べたらよいのでしょうか？
36723,夏のインターンエントリーに関しては全体的に自分の悪い面が多く出てしまいました
36725,ES、Webテストをギリギリまでやらなかったことにより申し込み忘れたり
36727,ESの添削を頼むこと、Webテストの対策をするべきでした
36729,またグループディスカッションを経験できなかったのもやっちまったという感じです
36733,気にかけていただいて本当にありがとうございます(*^^*)
36736,ありがとうございます！最終選考の結果待ちの状況です(^○^)相談乗っていただきありがとうございました！！
36737,ありがとうございます！
36738,大変丁寧に答えていただき、ありがとうございます！！直してみます
36739,18卒生は17卒制と同じスケジュールでの就活になると思いますが
36740,17卒生で現在まだ内定が取れてないという方も多くいると聞きます
36741,一方6月前には内々定が出てるという人もいますが
36742,そこの明暗を分ける要因は何なのでしょうか?
36744,こんにちは！昨日今日と株式会社ナガセさんのインターンに参加してきました！いつも以上に頭を使う内容で、とても充実しています！
36746,ありがとうございます！
36747,新たなインターンのご紹介ありがとうございます！今の所IT企業にはあまり興味がないのですが。。日程的なことも含めて少し難しいかもしれません。。
36751,なるほど勉強になります！
36752,よろしくお願いいたします！
36753,ありがとうございます！さっそくoffice関連の勉強にも取り掛かろうと思います。
36754,ありがとうございます無事にきまりました！
36767,大丈夫ですよろしく続きをお願いします！
36773,ありがとうございます！もし受かってたらまたご連絡させていただきますね(^○^)
36774,こちらこそ、よろしくお願いいたします。わかりました。準備しておきます。
36775,了解しましたありがとうございます！
36777,わかりましたー！
36778,自己分析は完璧ではないですがやっているので、自分が意識すべきは活動量のようです!
36779,ごめんなさい！大事な用事なので。
36780,ＫＰＭＧのインターン、難しかったですが、非常にためになりました。紹介してくださってありがとうございました！
36781,わかりました、お世話になったのでぜひ広めようと思います！
36783,合わせて長期インターンも参加してみたいと考えているのでピックアップしていただけるとありがたいです
36784,申し訳ありません、この２つにはあまり興味が持てませんでした。10月も含めて構いませんので、この他の業界でもう一度提案していただいてもよろしいでしょうか。
36785,興味あります！
36786,1週間後に留学するので就職活動は全くしてません、
36788,コンサルタント
36789,朝でよろしければ大丈夫だと思います！！
36790,9月に大阪で長期のインターンが入ってしまって…面白そうなのですが、参加は難しいです…
36791,こんばんは。この間出したところは筆記試験で落ちてしまいました。ですが、来週違う会社の筆記試験と面接があります。自信はないです。落ち込み中です。
36792,無事内定をいただいて、就職活動を終えることができました。これまで本当にお世話になりました。
36793,初めまして！・慶應義塾大学・3年・総合政策学部 経営学専攻・知人の紹介（長岡里奈）
36794,こんばんは！今1番気になっている企業は安川電機です。ありがとうございます！
36796,おはようございます。こんな感じです。。
36797,一点質問なのですが学年不問の外コンインターンはございますでしょうか？
36798,おはようございます内定1社いただいたのですが親が許してくれないです
36799,ご案内ありがとうございます、残念ながら日程があいません…
36800,法政大学 生命機能学科 3年 生物系専攻 オフィシャルで就活と検索したらみつけました。
36801,質問があるのですが、インターンシップに受かり服装が、ビジネスカジュアルとのことなんですがスーツスタイルでなくて大丈夫なのでしょうか？
36802,大変申し訳ありません。電車の遅延により、五分ほど遅れてしまうと思います。重ね重ね申し訳ございません。
36805,連絡が遅くなってしまって申し訳ありませんが、もう少し考えさせてください。
36807,特技が無いと書きましたが、日常的にPCに触れているので、一応最低限のPCスキル(タッチタイピング、MSOのワード・エクセル・パワポ)は習得しています
36808,よろしくお願いいたします。運輸は航空、サービスはインフラやホテルでお願いします。
36809,折角のお誘いですが、今回は見送らせていただきたいです。御期待添えず申し訳ないです。
36811,興味あります！
36812,いろいろ見たのですが今回は応募するのはやめました。
36813,冬とか春休みはインターンに行きたいので、情報があったらまたお願いします。
36816,西田さんありがとうございます！興味はあるけど手が出せないという声を聞いたことがあるので声掛けしてみたいと思います。こちらこそ引き続き宜しくお願い致します。
36843,はい、そのように言葉遣いやマナーができる人間は成りたい自分でもありますので頑張りますね！よろしくお願いします
36848,何人かの後輩、友人に紹介しました！
36864,はいお願いします
36867,自分の強みの再発見、タックスコンサルティング（国際税務）の業務体験をしました。
36869,お願いいたします！！
36872,31日に受ける会社は福島県の情報誌を作っているSCCという会社です。本に関わる仕事や雑貨に関われる仕事が1番したいです。また、事務の仕事も受けてはいます。
36874,これからもいろいろとお願いしますm(__)m
36876,承知しました！よろしくお願いします。
36885,理想科学工業に送ったESの内容です。これをもとに模擬面接をして頂けると助かります。よろしくお願いします。
36886,留学は予定通り1月までです。中旬には帰国します。他の人より就活が遅れそうで不安ですが、、ありがとうございます。がんばります。
36887,慶應義塾大学3年生総合政策学部長岡里奈
36888,はい！ありがとうございます！
36890,まだBtoBへの興味はそこまでないのですが企業を知っていく中で自分がやりたいことっていろんなとこでもできるなと感じてきています
36891,なので実感としてももっと企業説明会やインターンを受ける必要性を感じる今日この頃です!
36892,社員同士で給料を決めるとはどういうことでしょうか？
36893,？
36898,はい、大丈夫です
36901,はい、よろしくお願いします！
36908,理想科学工業さん、一次面接と二次面接を合同して行ってくれるみたいで、選考が2回になりました。
36914,9月5日です
36915,正直具体的にはまだ決まってないです。
36916,電話面談は31日の後では遅いですか？
36918,返信ありがとうございます！！！そうですね、サマーインターンは1社しか行けなかったので、オータムインターンの紹介などして貰えたら嬉しいです！
36922,明治安田生命のインターンに参加しました！金融系と損保生保を考えています
36926,たしかにBtoBでも提案に関する仕事は多くありそうですね！秋のディスカバーフォーラムも行かせてもらいます！
36927,あ
36928,カジノトランプを作る企業です
36929,カジノを相手にしてる企業なので反社会勢力だと言って認めてもらえませんでした
36931,ありがとうございます工学部なので大学院に進学する先輩が多いイメージですが内定決まったよ！っていう先輩も中にはいます。去年のものが学内の掲示板にあったので送りますね。
36932,地方国立_木下滉貴_19卒が画像を送信しました
36933,はい
36934,お久しぶりです。インターンの募集に応募してはいるのですが、一向に受かりません。これは私が自分で書いたエントリーシートに問題があるのでしょうか？
36935,相談にのって頂いてありがとうございます。自分は大学の専門科目の単位が足りなくて、留年になってしまいます。
36936,なるほどです、、！！！インターンの紹介ありがとうございます！参考にします！
36937,生保、そうなのですね。考えてみます(^_^;)
36938,ご丁寧にありがとうございます！！
36939,本当にありがとうございます！
36943,そうです！
36944,カービューは気になりますね
36947,遅くなってしまいましたが、自己PRと学生時代頑張ったことを書きなおしてみました。よろしくお願いしますm(_ _)m
36962,面接練習をお願いしたいんですけど、まだちょっと予定がわからなくて今すぐは返事できないです…あとマグネスケールさんから二次試験に来て下さいとご連絡をいただきました。
36973,ありがとうございます！これからもインターンなどは積極的に挑戦してみたいので、一年生にもおすすめのインターンを教えていただけますか。
37004,第一に車が好きなので関われるという点ですね。あとは企画営業や企画職が面白そうだと思いました。
37007,あまりないです
37011,しかし、上位ファームについては、インターンシップが本選考を兼ねている、といった噂も耳にします。もしそうだとしたら、今から何かを始めようとしても遅いのでしょうか？
37022,明日の昼頃にはわかると思うのですが、まだ確定ではないです…
37024,ご無沙汰しています。次の面接ですが、9/5となりそうです。
37025,それに先立って、金曜日までに改訂したESを提出して欲しいという事なので、またお力添えをお願いしたいと思います。
37026,理解できましたm(_ _)mよろしくお願いします。
37034,できれば大阪か奈良でお願いします
37036,企業紹介をしてほしいです
37040,はい、必ず連絡させていただきます
37044,来週メールを送ってきた企業のインターンに行きます。
37048,九州大学/理学府/化学専攻
37049,修士2年
37050,9月1日12時～13時半の間または15時半～なら空いているのですがご都合はいかがでしょうか？
37051,9月2日はマグネスケールさんの面接なので、出来れば9月1日に行いたいです
37052,ご紹介ありがとうございます！検討してみたいと思います！
37056,打ち込んだ事といえば大学で弓道をやっていた事くらいですが好きで楽しくやっていた事なので頑張った事とは言えませんが
37061,ありがとうございます。
37064,はい。よろしくお願いいたします。
37068,大学の弓道部に所属しておりました。
37069,ご無沙汰しております以前相談させていただいた、地方競馬協会さんに行かせていただくことにしました。相談に乗っていただいて、本当にありがとうございました
37071,09057127577で間違いないです
37073,クールビズで構いませんか？
37074,模擬面接ってスーツ来た方がいいのでしょうか？
37084,提出期限について確認しましたが、金曜日15時までとの回答をいただきました
37086,ありがとうございます！ アドバイスを参考にして、今日中に改訂内容をLINEに貼りたいと思います
37088,そうですね、、交通費がネックですね
37093,構いませんよ！
37094,今日県庁の採用面接を受けました。その場で内定を頂きました(正式な通知はまだですが…)！
37096,よろしくお願いします
37097,京都工芸繊維大学 3回 情報工学課程
37099,話し合いの中だけでなく他にもあるかもしれないので考えてみます
37103,連絡遅くなりすみません。無事に選考終わりました。面談は9月2日でお願いします。時間はいつでも大丈夫です。
37106,5に関して少し纏まらないのでご教示お願いします。
37113,よろしくお願いします。
37114,はい！ありがとうございます！またお願いします！
37116,9月1日のKPMGのインターンなのですが、詳細を伺っていなかったので確認したいのですが、何時から、どこでおこなわれるのでしゃうか？
37117,近畿大学/３回/英語コミュニケーションを勉強しています。
37125,リクルートライフスタイルでのインターンシップに採用されました。ありがとうございます。
37140,はい、ありがとうございました！
37150,何を聞かれるのか不安ですね
37151,何とか参加させていただけましたご迷惑をおかけいたしました。
37153,自己prや学生時代頑張ったことや研究内容でいいんでしょうか？？
37154,話す内容は
37156,志望動機って理想科学さんを想定してということですか？
37157,すみません電話無しでは無理でしょうか？
37158,内定辞退します
37172,ありがとうございます
37176,ありがとうございます！
37180,実は、電話が少し苦手なので、可能であれば、このままチャットでのサポートをお願いできますでしょうか？
37182,その時間で大丈夫です。08018481914です。よろしくお願いします。
37184,ありがとうございます！ 非常に参考になりました
37186,3と4の改訂版です。 社会貢献の形に具体性を持たせる書き方がちょっと難しくて、もしかしたら1にその要素を分割した方が良いかもしれませんがどうでしょうか？
37193,営業してみたいと情熱を伝えたものの、営業は未経験で、不安しか無いです。当日までにしておくといいことを教えてください
37200,なるほど！なぜエネルギー業界なのかという事に関して説得力が増したと思います。
37203,上記は５に関してなのですが、枠の大きさの都合上、多くても400文字には納めないときつい状態です。どう削るのが適切でしょうか？
37207,ありがとうございます！ この文字数なら書き切れそうです。
37208,5の表題なんですけど、あまりしっくり来るものが思い浮かばなくて……「過酷なバイト環境と諦めない粘り強さ」みたいな感じで良いんでしょうか？
37216,なるほど！ 色々とありがとうございます。 参考にしてES改訂版を提出したいと思います。
37221,わかりました声をかけてみますね
37225,ありがとうございます。明日服装　リクルートスーツではなく、ご自分らしい私服でお越しくださいってメールがあったのですがどのような格好がいいでしょうか？？
37226,返信が遅くなってしまい申し訳ありません。8月31日締め切り以外のものは全て応募したいです。
37227,よろしくお願いします。希望条件は撮影や編集の経験はありますが、そちらはあまり考えてないことです。企画やマネジメントをやりたいです。
37228,大雑把な感覚なのですが、コンピュータと言うか映像関係に少し興味があります。何か合いそうな企業とかありますか？
37230,専修大学法学部政治学科
37231,四年生
37232,現在内定がない状態でして、留学するかこのまま就活を続けるか悩んでいます。
37234,よろしくお願いいたします。
37237,おはようございます。大変申し訳ありません。本日は別のインターンの方が仕事長引いており、面接可能であればリスケして頂きたいのですが、可能でしょうか？
37257,茨城で働きたいです、できれば水戸市で探したいです
37268,マグネスケール全然だめでしたので、理想科学工業に反省点を活かします
37269,ありがとうございます！！それを意識して行きます
37277,面接終わりました。
37278,言語などの違いを聞かれて答えることが出来ませんでした
37279,大学院入試かって感じで深いところまで突っ込まれ、研究もそんなに進んでいないのに修士と同じような感じで深く突っ込まれて…
37280,なんというか説明しているのに上手く伝わらず、説明が進まず、突っつかれまくったという感じです
37281,ぜひお願い致します。
37283,回路を書いてください、制作する装置の仕様を教えて下さい等です
37288,なんとなくわかりました！
37295,なるほど、たしかに自分がやったこと、関わったことだけにこだわりすぎて視野が狭くなっていたかもしれません…
37296,少し背伸びしていたかもしれません。ただ今日指摘を受けたところは復習して次に活かします！！！(あっけなくやられてしまったので逆にやる気が出てきました)
37299,はい。理解できました。例がとてもわかりやすいです。
37301,ありがとうございます！
37303,そして不採用の通知が届きました。
37304,最終面接で落ちた企業は日立オムロン、漢方のツムラ、日油です。いずれも一部上場企業でした。
37305,いまうけているのが大興物産、ゼリア新薬。これからが警視庁、三菱自動車、日経印刷、ビジネスダイヤモンド社です。
37307,こんにちは、連絡遅くなりました。就職活動は落ち着きました！
37308,あります！
37310,慶應義塾大学/3年/経済
37311,来週コンサルティングフォームのインターンに参加する予定ですので、インターン中に注意すべきものがあれば教えてもらいたいです。
37312,返信が遅くなってしまい申し訳ありません．
37313,もし，まだ可能ならチャレンジしたいと考えていますが，間に合いますでしょうか？
37317,アーク情報システムとプラスアルファコンサルティングです。現在、アルファシステムズの最終選考結果待ちです。
37322,丁寧にまとめてくださりありがとうございます。これからまた考え直して書き直してみようと思います。結果が分かりましたらまた連絡します。ありがとうございました。
37325,なるほどです。ありがとうございます！自己分析の仕方を教えてください。
37327,ありがとうございます。興味があるのですが、より詳しい情報を教えていただくことはできますか？
37328,はい、新しい環境でも頑張っていきたいと思います。それでは、また機会がございましたらよろしくお願いいたします。ありがとうございました。
37339,お願いします！前期終わるまでは単位を取ることに集中していたので、まだどこも受けていない状態です。
37345,長崎大学
37346,はい！是非お世話になります！よろしくお願いいたします！
37347,こんにちは！全国どこでも良いのですが、野球団のインターンシップやお手伝いなどありましたら教えていただきたいです！
37363,カフェ系とかあとは鉄道、航空関係ですね！
37368,ありがとうございます。検討してみます。
37370,お世話になっております。興味はありますがコーディング経験が浅いことと予定日に帰省しているため参加は難しいです。申し訳ありません
37371,ご無沙汰しています、川上です。先ほど最終面接が終了しました。
37372,はい、理解できました。
37373,ありがとうございます！！お願い致します！！
37374,9、10月中で1dayのプログラミング体験関係のインターンはありますか？
37375,お疲れ様です、先日はお電話ありがとうございました。面談の件は辞めさせて頂きます。
37377,自分でも満足なものを書くことができました。インターン先選びからずっとお世話になりました。本当に感謝しております。
37378,理想科学工業さん、ぜひ最終面接にというお返事を頂きました。
37395,ただ今最終選考の結果待ちの状態です。
37397,本当にありがとうございます！参考します！
37404,調整中みたいです
37407,c言語とjavaが少しだけです。できればそれ以外のやったことのない言語を希望したいです。
37408,すいません、もう少し都心から離れて神奈川の方で募集している企業はございますでしょうか？
37409,わかりました、大丈夫です。
37410,まだまだ進まなくて、ぜひ紹介して頂ければ幸いです。どうぞよろしくお願い致します。
37411,よろしくお願いいたします！
37423,はい、進学希望です。研究室の空き次第になります。
37424,はい。大丈夫です。
37425,状況URLのやつの内容は一対一で模擬面接ができると言うことでしょうか？
37426,「状況」→「上記」
37427,すいません。ミスです
37429,新卒募集してる企業ってまだあるんですか？
37430,もう、働くことを諦めてます
37431,お返事遅くなりすみません.....
37432,最終面接はご縁のない結果になってしまいました。大変悔しい思いですが、次に繋げていこうと思います。
37433,電話番号は08032963009です。6日の6時以降7日以降は11時から14時は基本空いてます。
37434,お陰様でその場で内定をいただくことが出来ました！
37438,できました！
37439,ご迷惑おかけしました。
37440,ご連絡を差し上げず申し訳ありませんでした。エリーパワーは、上記にある通り入社後に活躍するイメージがどうしても沸かなかったため、専攻を辞退しました。
37443,この三社の中から声をかけて頂くことができれば…と言うところです
37456,純粋に説明会のやつはありますか？
37457,JAの懇親会にも出席しましたが、県庁にしようという気持ちが固まってきました。JAに内定辞退の電話をかけようと思っています、、、
37460,その他のインターンシップは全国どこでも大丈夫です！ご迷惑をおかけしてすみません。
37462,相談事などありましたら、こちらからご連絡します。大変お世話になり、誠にありがとうございます。今後ともよろしくお願い致します！
37463,とりあえず続けてみようかと思ってます
37464,日本ビソーの件よろしくお願いします
37465,いままで色々と相談に乗っていただきありがとうございました。myコンシェルさんの力添え無しではこの結果は得られなかったと思います。就職活動は終了予定です。
37466,確認したい事があります。エリーパワー様の初任給や、住宅補助などに関して今一度教えていただいてもよろしいでしょうか？
37472,大丈夫です。お願いします。
37480,ありがとうございます
37490,申し訳ありません、住宅補助に関しては前聞いた事があるので聞き辛くて……確か社宅はなかったと思うのですが。あと初任給って文理の区別ないんですか？
37495,了解です！
37501,よろしくお願いします
37502,ぜひお願いします！
37503,ありがとうございます！検討させていただきます
37504,ありがとうございますm(_ _)m初めて本当に行きたい！と思っていた会社さんでしたので時間は少し掛かるかもしれませんが...切り替えていきたいと思います！
37506,選考通過しました。就活終わりにします。
37509,やはりそうですか、、、今受けてる中で頑張ってみます
37516,そうですか残念です
37517,他の新しい企業ってあるのですか？
37518,市役所の河川環境分野で働きたいのですが、どんな勉強をするべきでしょうか？
37519,東洋大学3年理工学部都市環境デザイン学科
37526,就活している間にためてある課題が多いのでこれで区切りにしたいと思っております。
37527,本当にありがとうございました
37533,わかりました！聞いてみます！
37534,インターンシップのエントリーのために、いま自己PRを書いているんですけど、見てもらえますか？
37536,文末を何で締めいいのかわからないのでアドバイスお願いします！
37537,特にないです出来れば京都周辺の企業がいいです
37538,１３日です！
37542,お久しぶりです研究は結構行き詰まってますね(涙)
37547,よろしくお願い致します！
37552,想定外事象に必要な能力を明らかにしたいんですけど、なかなか評価方法も含めてまとまらないです
37553,基本的に17:00より前なら空いています
37555,こっちが最終でした。
37556,合格辞退するための理由を考えています。。
37557,質問なんですがお一人でLINEを動かされてるんですか？
37558,ありがとうございます。
37559,後輩に紹介してみます。
37560,そうですね。。もちろん結果は出さなくてはいけないとは思います！例えば、相手方が欲しくもないものを押し売りしたことま結果としてカウントされたりするといったことですね。。。
37561,僕もその通りだと思います。今度直接聞いてみますね！
37563,旭洋紙パルプが選考すすんで次は最終ですが、正直いきたくないです。ゼリア新薬は今日うけてきました。明日は大興物産の作文です。
37564,専修_Tamako  Nakajimaが画像を送信しました
37565,旭洋紙パルプは絶対入社する人しかこないで、とプレッシャーをかけています
37566,ありがとうございます！！気をつけれるように頑張ります
37567,就活コンシェルさんこんばんわ。ご相談したいことがあるのですがよろしいですか？
37573,人間を扱うので、どうしても個人差がでてしまい、これをどう評価すべきかが一番悩ましいところで行き詰まってます。
37574,エントリーできました。
37575,今年で学部3年で、留年になって
37576,間違えました。すいません。少々待ってください
37577,今年で学部3年で、3年生を留年になってしまいます。
37580,はい、わかりました。今日の午後2時前は大丈夫だと思います。よろしくお願い申し上げます。
37587,興味あります！！お願いします！！
37591,はい、受けました。昨日通過の通知がきました。
37592,はい、わかりました。12日の夕方16時以降お電話を待っております。どうぞよろしくお願い致します。
37605,興味はとてもあります！！よろしくお願いします！！
37607,ありがとうございます！！
37609,もう少し考えてから連絡します！
37612,はい大丈夫ですよろしくお願いします
37617,やはり正直に言うべきでしょうか。。
37618,そうなんですね（笑）詮索してしまってすみません
37619,そうですね(>_<)！！
37621,東京理科大学基礎工学部材料工学科3年です
37622,専攻は研究室配属が3年学年末のため未定
37623,一橋大学3年社会学部知ったきっかけは生協からのハガキです
37624,今から国家総合職を目指すのは厳しいですか
37632,厳しいとは思うので再来年の試験も考えていますが一応来年の試験も受けようとは思っています。
37633,間に合いませんでした
37634,はい！ご紹介して頂けたらと思います。よろしくお願いいたしますm(_ _)m
37637,京都大学3回生法学部キッカケはアイセック京都大学委員会です
37638,京都大学/2回生/文学部で心理学を履修予定
37639,京都大学3年総合人間学部で公共政策とジェンダーを勉強しています
37640,京都大学総合人間学部3回生専攻:児童文学です。こちらのアカウントもコンピュータではなく人が操作されているのでしょうか。
37641,京大アイセックの紹介
37644,京都大学法学部二回生です、よろしくお願いします。
37645,ご助言ありがとうございます！
37646,先程誠意を示した辞退メールを送りました！
37647,重ね重ね申し訳ないのですが、ES添削お願いしてもいいですか？
37648,【叶】東北大_曽根原正樹＿19卒がスタンプを送信しました。
37666,紹介するのは17卒の友人ですか？18卒の友人ですか？
37722,アイセックで知りました！
37724,就きたい仕事がまだ定まらなくて困っています
37727,アイセック京都大学委員会の紹介です！ありがとうございます！
37734,短大卒の人でも大丈夫ですか？
37736,モチベーションの高い学生を求めてアイセックをお知りになったのに、申し訳ありません。
37738,2回生でのインターンは考えていません3回生ではインターンに行きます院には進まず就職することは決めています
37741,教育などについての掘り下げは、今から少しずつ行っていこうと思います。
37742,お久しぶりです！かしこまりました！まだ就活中の友人がいたらぜひ紹介したいです！その友達の連絡先を送るという形ですかね。とりあえず探してみます‼
37744,友人で1人いるので紹介します
37745,どのように紹介すればよいでしょうか？
37747,17卒ではなく、18卒でもいいでしょうか？
37748,お陰さまでフューチャーアーキテクト途中参加できそうです！
37749,ESに関して後ほど送らせていただきます！
37750,いろいろな業界を知るためにインターンシップに参加しました。
37751,その中でも人材業界に興味が湧きました。
37752,人材業界についてもっと詳しく知りたいなと思いました。
37753,アドバイスなどがあったら教えてください。
37754,現在継続中というのは、17卒で、ということでしょうか？
37757,添削してくださったら死んでお礼を申しげさせていただきます。どうかよろしくお願いいたします。
37758,なるほど。ありがとうございます。わかりました。次の具体例の説明をお願いします！
37759,お久しぶりです。ボストンキャリアフォーラムに参加するのでESを書いているのですが、添削してもらってもよろしいですか？
37760,お返事遅くなりすみません...全研様、興味あります！！
37761,理想科学工業さん9/20です
37762,あと違う会社ですが内定が出ました。
37763,こんにちは。来年、就活する大学院生や後輩でも良いのでしょうか？
37769,中日本ハイウェイエンジニアリングさんです
37779,吉村茂さんのご案内
37781,内定受諾期限の延長ってしてもいいのでしょうか？
37782,すみませんがよろしくお願いします。
37783,んー周りはだいたい落ち着いてる感じですね…でも誰かいたら声かけてみますー
37787,承知いたしました！
37789,こんにちははい、よろしくお願いします
37792,了解しました！
37797,わかりました。
37798,早稲田_里奈がスタンプを送信しました。
37801,中日本ハイウェイエンジニアリング東京です。すいません
37808,そうです
37814,また現在結果待ちの日立造船さんが第一志望なので日立造船さんの結果次第では理想科学工業さんもと考えています
37818,1日立造船2.3理想科学、三機工業4中日本という感じです
37825,先週の水曜に専攻が終わり、1～2週間のうちに連絡するといわれました
37827,そうなのですね、わかりました！来年就活を控えている後輩たちにも紹介します！！
37837,興味あります！
37838,できればコンサル、シンクタンク内定者の方とお話したいのですが、今回そのような方は参加されますでしょうか？
37839,京都在住なので、新宿開催は厳しいです…今回は見送らせていただきます、わざわざありがとうございます！
37856,母親は就留すすめてないです
37858,分かりづらかったですねすみません
37861,北海道大学経済学部
37867,アマゾンのギフト券はいつどのようにいただけますでしょうか
37870,紹介します！
37883,「日本軽金属株式会社」から内定をいただいてますが、このままで良いのか悩んでおり、他の会社も探しています
37885,ありがとうございます！登録はURLの方から自分でするのでしょうか？また、就活Myコンシェルを利用していない友人を一人誘うことは可能でしょうか
37889,アドバイス、及び説明ありがとうございます。OB訪問はまだしたことがないので、大学のキャリアセンターを利用して相談してみようと思います。
37890,参加者は友人を一人誘えるという文言があったのですが、この一人というのは30名とは別にカウントできるということでしょうか？
37892,ぜひご紹介していただきいのですが三菱化学エンジニアリングさんと三菱電機エンジニアリングさんは選考を途中でやめてしまったのでそれらならダメかもしれません
37893,仕事内容や働く上での大変なところなどがあれば知りたいです
37894,また、同じ企業で働き続ける人が多いのか転職する人が多いのかなど
37895,人材業界ならではの特徴もあれば知りたいです
37896,長期インターンの1、4を教えて欲しいです。
37904,そう言ったサービスもあるのですね！早速見てみます。
37906,新宿はちょっと無理そうなのでやめときます。
37907,わかりました検討してみます
37908,了解です！
37909,ありがとうございます、使わせていただきます
37911,明治学院大学4年文学部芸術学科映像系列専攻
37912,お願いしたいです。
37913,この間の結果はダメでした…
37914,どうしたらいいのか分からなくなってしまいました。
37918,ありがとうございます！自分も後悔なく就職活動終わらないといざ働き始めて行き詰まったときのふんばりが効かなくなりそうなので出来る限り努力しようと思います
37922,また本社が大阪っていうのもあります
37923,なんとか延長出来ました…
37932,よろしくお願いします
37933,ありがとうございます
37947,かしこまりました！！ありがとうございます！！
37950,お願いします！
37957,内定承諾書には拘束力はないのですね！それであれば同時に進めようかと思います。濵田酒造は総合職採用なので、技術職につけるかは現在はわからないですね。
37958,そうなのですね…ペーパーレス化が進む中で、これからどうなるのかと思ったのですが、まずは最終面接を受けてみます。
37959,はいよろしくお願いします
37960,すいません、15、16、20は今のところ予定があり厳しいです
37961,いつも大変お世話になっております。返事遅くなり大変申し訳ありません。
37962,両社は応募します。ご確認の程よろしくお願い申し上げます。
37964,ありがとうございます
37966,今現在は都合が悪い日はありません
37967,丁寧に解説してくださりありがとうございます！
37968,②と④が気になりました！
37970,人材業界でも仕事に大きな違いがあるとは驚きでした！
37971,より興味が湧いてきました(^-^)
37972,よろしくお願いします！
37973,就活浪人に関して教えてください。やられてる方の現状とか、実現可能性とかお願いします。
37974,よろしくお願いします。
37978,お返事大変遅くなりすみません。。。
37979,また、ご連絡して頂きまして本当にありがとうございます。m(_ _)m
37980,報告が遅くなりましたが、日清食品のインターンに行けることになりました！
37981,ありがとうございます。秋冬のインターンに参加しようと思ったら、今から応募しなくてはならないのではないですか？そういうわけでもないのでしょうか。
37983,おはようございます。良い結果を待っております。よろしくお願い申し上げます。
37986,今はまだ受ける企業探している途中でエントリーシートはまだ書いていません。決まったらまた添削お願いします。ありがとうございます。よろしくお願いします！
37995,いつもお世話になっています。明日、1dayのインターンに行ってきます。暑い季節ですがスーツのジャケットは着るべきでしょうか？一応、持って行こうとは思っているのですが、
38008,ご連絡ありがとうございます！是非とも協力させて頂きたいです！！
38014,おそらく落ちました＞＜
38016,ついさっき面接が終わりました。明日合否が出るそうです
38024,折原諭の紹介です
38026,紹介していただきありがとうございます。興味があります！また16日はどのような企業のお話が聞けるのでしょうか？
38031,質問が一つあります。留学にいき6月に帰国してから就職活動をおこなうことのリスクはどの程度になりますか
38032,帰国を5月に早めるか、それとも留学生対応の就職枠に7月から入ることに問題はありますか?
38037,ありがとうございます！不安も大きいですが頑張ります...！
38046,不安ですが…、分かり次第ご報告いたします。
38047,ありがとうございます！インテリジェンスのインターンシップに参加してみようと思います！
38048,人材業界に関するオススメの本も興味があるので教えていただきたいです！
38049,よろしくお願いします
38050,こんにちは。京都大学総合人間学部3年の花木汐梨です。学部では発達心理学の勉強をしています。
38052,詳しく教えてくださったのにすみません。
38064,はい
38067,そうですね。理想科学さんや日立造船さんが出たら就活を終えようとは思っています
38072,ありがとうございます！
38073,わかりました
38075,ありがとうございますm(_ _)mよろしくお願いいたします。
38076,こんにちは。昨日の面接を経て、無事に管区面接に合格いたしました。来春から東北地区で勤務することになります。
38077,警視庁、保護観察官、そして千葉県庁のESの添削や、面接についてのアドバイスをいつも親身になって行ってくださったおかげだと思っています。本当にありがとうございました。
38083,本当にありがとうございました。はい、同期はほぼ就職活動が終わっているので、後輩に紹介しようと思います。
38094,はい！頑張ります！お願いしたいです！やはり1人だと不安でどうしようもないので、相談させていただきたいです。よろしくお願いします。
38100,お久しぶりです！日程の都合さえあえばお手伝いさせて頂きます！
38102,はい！
38104,東京大学大学院の今井と申します。GREEインターンシップに興味があります。詳細を教えていただきますか？よろしくお願いいたします。今井
38120,ご連絡、ありがとうございます。興味があるので、宜しければご詳細の方を教えて頂ければと思います
38127,ありがとうございます(>_<)！よろしくお願いいたします。
38130,ありがとうございます！
38131,時間があるときに読んでみようと思います！
38132,また知りたいことがあったら質問させていただきます！
38133,よろしくお願いしますm(_ _)m
38138,興味あります
38139,明日は昼に面接があり、17時から18時なら多分大丈夫です
38141,興味あります
38144,三機工業さんです
38145,あとは日立造船は結果を待っているだけです
38149,わかりました
38152,分かりました。よろしくお願いいたします。
38160,わかりました。実際の原体験から自分が何によって動かされるのか、というのを考えるのですね。
38161,はい！ありがとうございます！
38162,ZUUインターンの件ですが、大変申し訳ないのですが17日に予定が入ってしまいましたので、キャンセルさせて頂きたいです。申し訳ございません。
38163,Greeのイベントも日程的に厳しくなっておりますので、参加することができません。また何か情報がございましたらご連絡頂きたいです！
38164,返信が遅くなりまして、申し訳ありません。興味がありますので、ぜひエントリー方法等をお教え頂きたいと思います。
38165,ありがとうございます~^ ^
38166,時間があれば参加してみたいと思います~
38167,ちなみに応募の連絡先を教えていただければありがたいですが…
38169,21日なら空いています
38170,法政大学キャリアデザイン学部の4年生です！私に合う会社をどうやって探せばいいのか、なにが合っているのかわかりません。アドバイスをいただきたいです。
38172,大興物産、ゼリアは二次でおちました。旭洋紙パルプは最終選考辞退しました。いまは日本電産とユースキンの選考がすすんでおり、ユースキンは次役員面接です。
38173,今月中に終わらなければ就活はやめます。
38181,はーい
38182,ありがとうございます~
38183,１つお伺いしたいのですが、土日はこのラインお休みですよね？
38189,今その事に関して質問しようと思っていました！分かりました！
38197,すいません、17時頃新幹線にまだ乗っていて電話応対が出来なさそうです
38198,申し訳ありません
38199,どうすれば良いでしょうか…
38206,18時なら大丈夫です
38238,行きたいです！
38239,イベントの件承知致しました！！参加させて頂きます。
38254,予定を確認して可能であれば参加したいと思います！
38261,申し訳ございませんが、10/8は予定が入っておりまして、難しいです。
38262,興味あります！是非お話聞かせていただきたいです。
38263,連絡ありがとうございます。興味はありますが、まだ大学の予定が分からないため、行けるかどうか分かりません。
38270,誰か誘います！
38271,まだ、決めてないですが
38273,はい、ありがとうございます！
38280,ありがとうございます！
38283,芝浦工業大学学部3年生命科学専攻です
38284,参加イベント：16/10/08「理系内定者との食事会」大学：東京理科大学名前：橋田侑弥参加人数：一人
38286,承知致しました！よろしくお願いします。
38291,就活Myコンシェル様大学 東京理科大学学年 学部3年生専攻 基礎工学 生物工学です。よろしくお願いいたします☺️
38301,ありがとうございます！
38303,お電話のほうが早いと思いますので、電話で問題ありません。よろしくお願い致します。
38305,学食のお盆の上に広告として貼ってありました。
38307,東京理科大学 3年 理学部数理情報科学科です
38308,友人と一緒に参加しますよろし
38309,くおねがいいたします
38310,連絡ありがとうございます。こちらこそ、よろしくお願いします。
38311,GREE興味あります！
38312,ご返信ありがとうございます！当日のざっくりとした予定ですが、遅れるとしても15〜20分程度だと思ってます！
38314,参加イベント：16/10/08「理系内定者との食事会」大学：東京理科大学名前：須川 裕太参加人数：2人
38315,ありがとうございます。
38316,一次面接の日程が9/21になりました(>_<)よろしくお願いいたします。
38317,興味あります！
38318,けどこういうイベント参加しすぎました。。。もうお腹いっぱいってのが本音です。。。
38319,あと、ES添削本当にありがとうございました！
38320,お礼遅くなってすみません。
38321,仮押さえよろしくお願い致します。
38322,わかりました！ありがとうございます
38323,ありがとうございます。是非参加したいです。
38324,こんにちは！10/8(土)の、新宿でのお食事会に参加したいのですが、参加申し込みはこちらでよろしかったでしょうか？
38326,すいません、昨日登録したこのイベントの時間を教えてもらえますか？
38327,シンクタンク、総合研究は大学院生を優遇すると聞いたのですが、事実でしょうか。学部生の新卒には厳しいのでしょうか。
38334,先日、先輩に内定者座談会行っとけって言われたので、その言葉を信じてみようと思います！(錯綜してすみません)因みに懇親会参加費はいくらでしょうか？
38358,友人の名前は 齋藤 大 です、よろしくお願いします
38359,東京理科大学理学部二部化学科加知真里亜です。まだ友達を誘えていないのですが、メールでいただいた以上の詳細を教えていただくことは可能でしょうか？
38360,わかりました！おねがいします！
38364,はい！どのような内定者に来ていただけるのかと、食事内容をお聞きしたいです。
38371,なるほどですね！！！
38372,大切なことは分かりました！
38374,綿貫優実です宜しくお願い致します
38375,学生時代に力を入れたことですが、リクナビのオープンESのコピーをお送りする形でもよろしいでしょうか？
38376,政策に携わりたいので三菱総研を考えています。やはり院生が有利なのですね…公務員との両立は厳しそうなのでどちらかを選ぼうと思います。
38377,やはり野村総研だと顧客に占める官公庁の割合は三菱総研よりは小さくなるでしょうか。
38378,20日頃になりそうですが、問題ないでしょうか？
38379,そうなんですね！友達にも声をかけてみてから決めてもいいでしょうか？また後日連絡します！
38380,友人と2人でいきたいです！よろしいでしょうか。
38381,東大・４年・情報科学・ネット
38382,全て書き直してみました。お休み中申し訳ありませんが、添削お願いいたします。
38385,今後ともよろしくお願い致します❗
38386,今回の食事会の参加は難しそうです。申し訳ありません。
38387,はい！とても興味があります。ご連絡ありがとうございます。
38388,先着順ということでしたがまだ間に合うでしょうか？
38391,18時で大丈夫です。何か予定の変更があった場合はご連絡致します。電話番号は080 2030 7671です。よろしくお願い致します。
38392,オープンESについては、後ほど送りますので、お待ち下さい。
38399,やはり三菱総研の採用は相当難関なのですね。10名というのは三菱総研の政策部門の採用人数のことですか？
38400,１７卒です
38408,これをもとにJALのESも書いてみようと思っているので、その際は再び添削のほどよろしくお願いいたします。
38409,添削、本当にありがとうございました。いろいろ悩んで納得いくまで修正して、先ほどエントリーシート提出しました。今後とも就活支援よろしくお願いいたします。
38410,そうですね、声はかけてみたのですが予定が合う人がいなかったので一人で参加します
38411,参加イベント：16/10/08「理系内定者との食事会」大学：芝浦工業大学学科／専攻：電気工名前：野村太一参加人数：2人
38412,参加イベント：16/10/08「理系内定者との食事会」大学：芝浦工業大学学科／専攻：機械工学科名前：細谷政隆参加人数：1
38414,お久しぶりです！長らく連絡していないなか、申し訳ないのですが、ESを見ていただくことは出来ますでしょうか？(>_<)
38415,日本経済新聞の1DAYインターンのESで、お題は、「もし将来日経の記者になったら、どんなことを実現したいですか。あなたの夢をお書きください」というものです。
38417,字数は400字で、ギリギリ一杯です
38418,また、「これまでの人生で、私はこうして『壁』を乗り越えた、というエピソードをお書きください。」に対する文章も見ていただきたいです(字数制限はありません)
38420,改善等あれば、出来れば本日中に頂けると嬉しいです。宜しくお願い致します。
38423,学生時代に力を入れたことのほうはまだ未完成です。遅くなりましたが、どうぞよろしくお願い致します。
38424,なるほどそんなことまでしていただけるんですか！ぜひお願いしたいです
38425,質問したいことがあります。
38426,高校卒業して、1、2年くらい就職して、そのあと高卒で警察になろうと思ってるんですけど、できますか？
38427,こちらのイベントに参加したいのですがまだ受付してますでしょうか
38428,遅くなってしまい、申し訳ありません。お誘いありがとうございます。その日は予定が合わないので今回欠席させていただきます。
38432,すいません、今研究内容で学校が忙しかったので、連絡返せていませんでした。
38433,Skypeのメールが来ていたのですが、IDを忘れてしまって、家に帰ればわかるのですが...
38443,現在すすんでる選考がおちたら就活は終わりにするので結構です。ご親切にありがとうございます。
38451,おーた氏がスタンプを送信しました。
38462,そうなのですね。色々詳しいことを教えてくださりありがとうございます。また質問がある時はよろしくおねがいします。
38463,はい。その時はまたよろしくお願いします。
38469,坂井佑将です。宜しくお願いします。
38470,ユキがスタンプを送信しました。
38472,ありがとうございます！少し変えてみたのですが、こちらも見ていただいても良いでしょうか、、
38473,神奈川工科大学工学研究科情報工学専攻　1年です。早期登録キャンペーンに参加したいのですが。
38474,ありがとうございます！
38475,警察になるための試験て、どんなことするんですか？
38476,体力とか見られますか？
38479,不安なことがあります。今履修登録期間で、4年次に少なくとも5単位残してしまいそうです。4年で卒研と5単位(大体3科目)をやるとなると、就活は時間的に厳しくなりますか？
38480,とてもびっくりなんですが、この間落ちた福島の企業（SCC）から内定をいただけました！内定辞退者がでたみたいです！！
38481,内定企業は三菱商事です！
38482,こんにちは、本日はよろしくお願い致します。また、わざわざ添削頂きありがとうございます。修正点が多く、参考になります。ありがとうございます。
38485,名古屋外国語大学生  3年生  英米語学科  エアライン志望
38486,企業研究とはなにをすればいいのでしょうか？
38488,その他お聞きしたいことなどありましたら何でもお聞きください！就活myコンシェルの皆様に内緒にすることは何もないので！笑
38496,よろしくお願いします。
38499,ありがとうございます
38500,すいません。帰宅遅れています。10分ほど後にお電話頂きたいです。
38503,ありがとうございます！よろしくお願いします！
38505,Amazonギフト券くれ
38506,早期登録キャンペーン
38507,山口大学4年機械工学専攻
38508,参加イベント：16/10/08「理系内定者との食事会」大学：首都大学東京学科／専攻：理工学系数理科学コース名前：秋山雄太参加人数:1人
38509,女子大生です
38510,ご連絡ありがとうございます。 無事就職活動終了いたしました。 自己PRの添削など、そのまま利用することができました。ありがとうございました。
38512,はい、わかりました！なんでもお待ちしておりますのでビシビシ聞いてください！
38514,特にはないです。
38516,メールでご案内頂いたイベントに参加希望です。よろしくお願いいたします。
38517,連絡遅くなってすみません。参加させていただいても大丈夫でしょうか？
38528,大学：東京理科大学科／専攻：理学部応用化学名前：野俣直樹参加人数：1
38529,参加イベント：16/10/08「理系内定者との食事会」
38531,はい！
38538,わかりました！ありがとうございます！
38540,グランドスタッフです
38541,ANA、JALをメインに考えていますが、DELTAも視野に入れてます
38545,まったく始めていませんインターンにも行きませんでした
38546,こんばんは。もしよろしければ、インターンシップのエントリーシートの添削をしていただきたいです。ANAの総合事務職のインターンシップです。
38548,お忙しいところ大変恐縮ですが、何卒よろしくお願い致します。
38549,なるほどですね！
38550,ありがとうございます
38551,参考になりました！
38552,頑張ります！
38553,友人の名前は林哲郎です。所属は私と同じです。
38555,本日はありがとうございました。今後、頑張りたいと思います。よろしくお願い致します。また、自己PRなどは再添削はお願いできますでしょうか？
38556,ありがとうございます！
38557,はい。五十嵐拓也と言います。
38558,新学期が始まってなかなか会えないので、難しいですこちらが遅いのが良くないので、その場合は締め切ってしまって大丈夫です！
38562,SIerなどから内定を貰っていますがこのままでいいかのか迷ってます
38563,こんにちは熊本大学院M1化学専攻です。学校で配られたビラを見て登録しました。早期登録キャンペーンに参加希望です。
38574,名古屋工業大学大学院/2年生/物理工学専攻TOEIC790点あります。学部時代の専門分野は電気電子工学で、半導体をメインに勉強してました！
38577,横浜国立大学大学院 修士1年の高瀬一樹と申します。機械工学を選考しておりまして、研究内容としては宇宙空間での推進を扱っています。
38578,興味のある業界はプラントやゼネコン、インフラです。
38581,お忙しいところすみません。よろしくお願いいたします。
38592,友達を1人誘いました。よろしくお願いします。
38607,短期でおすすめのインターンありませんか？
38608,ありがとうございます。今回は1人で参加させていただこうと思います。よろしくお願いします。
38613,東京理科大学です
38614,是非お願いしたいです。ギフト券ありがとうございます。
38615,ご連絡ありがとうございます。18卒です。来春から2年生です。
38616,研究室あてに届いたチラシを見て登録しました。Amazonのギフト券もらえると書いてあったので、、
38617,お願いします
38618,日立造船ダメで理想科学が合格です
38619,三菱マテリアルテクノさんとお話をしたすぐ後に連絡が来ました
38620,ありがとうございます！今後の就活について少し考えてみます！
38621,上智大学大学院/1年/理工学選考です
38622,上智大学大学院/1年/理工学専攻です
38623,上智大学院/M1/管理工学専攻です。
38624,プラントエンジニア業界に興味があります。日揮や千代田化工についての情報がほしいです
38625,修士理系の友人は都合がつかないそうなので、私1人で参加とさせて戴きたいです。よろしくお願い致します。
38626,ありがとうございます！困っていることはないですが、就活資金が心配です。熊本から就活するとどれくらいかかると考えていればよいですか？漠然としていてすみません。
38627,はい、そーゆーことです！！
38632,まだ、手を付けられてないので、明日までには、書き直して提出出来るようにします！
38633,自分の中のでもう理想科学工業さんでお仕事がしたいっていう風に思ってるので理想科学さんで頑張りたいと思います
38643,平間隆玄(ひらまたかはる)です。
38644,はい、対応しました！！
38646,ありがとうございます。工学研究科建築学専攻です。
38650,大丈夫です。ありません
38653,横浜国立大学院一年電子情報工学専攻TOEIC 735尾形 勇耶(愛知県名古屋近辺での勤務を希望してます。)よろしくお願いします。
38654,早期登録キャンペーン
38655,研究室の担当教員から教えていただきました。
38656,はい。大丈夫です。
38660,もうすべての選考が終わりました
38669,花藤文希大阪府立大学大学院博士前期課程1年工学研究科電気情報系専攻です。
38672,早期登録キャンペーンに参加を希望します。
38673,新原拓海大阪府立大学大学院工学研究科電気情報系専攻博士前期一年です。
38674,早期登録キャンペーンに参加します
38679,学校です
38681,ありがとうございます。今年の就活の開始日はいつ頃になるのでしょうか？
38686,ありがとうございます！！就職活動はいつから本格的に準備をしたらよいでしょうか？
38689,よろしくお願い致します。
38691,就活にあたって、業界等はどうやって調べたらいいですか？
38692,ぜひ紹介しようと思います本当にありがとうございました
38694,とてもわかりやすいです自己分析の方もお願いします
38698,今就職活動に向けて企業とお話できる場所を探しているのですが、Myコンシェルさんはどういったイベントを行っておられるのでしょうか。
38699,わかり易く、理解できました！
38701,･大阪勤務(説明会も大阪)･学歴不問･教材開発この条件を満たして現在も新卒採用を行っている企業を教えてください。
38702,教材開発は、教科書参考書、eラーニングなど何でも構いません。できれば、書籍を作成するためのアイデアを出したりしたいです。
38703,※ちなみに、私自身の学歴は関西大学です。宜しく御願い致します。
38705,業界で志望していて、各企業の差別化が出来ていないのですがどういう部分をみていけばよいでしょうか？
38706,友達も参加でよろしくお願いします！====大学：首都大学東京学科／専攻：都市環境科学研究科、分子応用化学域名前：北川優====
38707,こんばんは以前、人材業界について教えていただきありがとうございました！
38708,人材業界と、大学で会計学を学んでいるので金融業界に興味があります。
38709,そこで質問なのですが人材×金融のような企業はありますか？
38710,こんばんは。いつもお世話になっております京大の花木です。
38711,先日、JPモルガンからディナーのお誘いをいただいたのですが、当日どのようなことに気を付けて過ごせば良いでしょうか？
38712,インターン参加者全員が呼ばれている会ではありますが、初めての機会なのでとても緊張しています。
38713,人材業界に興味があるのですが、せっかくなら大学で学んでいることも活かしたいなと思って質問させていただきました！
38714,よろしくお願いします
38715,よろしければ、内定者の就職先も教えていただけますでしょうか？
38716,大学の教授からきいて知りました
38719,返信が遅れてすみません、承知しました！
38720,参加イベント：16/10/08「理系内定者との食事会」大学：東京工業大学学科／専攻：地球環境競争コース名前：長谷川亮参加人数：2人
38721,よろしくお願い致します。
38722,すいません学科は地球環境共創コースです。申し訳ございません。
38723,参加イベント：16/10/08「理系内定者との食事会」大学：東京工業大大学院学科／専攻：融合理工学系名前：森信義参加人数：1人
38724,参加人数訂正参加イベント：16/10/08「理系内定者との食事会」大学：東京工業大学大学院学科／専攻：融合理工学系名前：森信義参加人数：2人
38725,高知工科大学　3年　コンピュータサイエンス専攻
38726,早期登録キャンペーン参加します
38727,初めまして！研究室に置いてあった広告を見て登録しました！
38728,ここで自己紹介をして大丈夫でしょうか？
38729,お世話になっております。文章力が無いため、うまく修正が進まず、なかなか終わりそうにないので、今日までは難しいかもしれないです。申し訳ありません。
38730,再び失礼します。本当に全く進まないので、修正前の物に比べて、どのように文章を構成すれば良いか、ヒントを頂きたいです。よろしくお願い致します。
38732,金融事務の求人はまだありますか？
38734,ありがとうございます。②Business gamificationの11月26日からの回に興味があります。
38745,よろしくお願いします
38746,お願いします
38757,明治大学 理工学研究科建築専攻 建築設備研究室 博士後期課程3年 早期登録キャンペーンを参加したい
38762,紹介してくれた人にクーポンがプレゼントされると聞いたのですが。
38763,大丈夫です！！
38767,こんにちは。本日、理想科学工業より内定のご報告をいただきました！！本当にありがとうございました。
38778,ありがとうございます。友人の名前は森信義で大学は東京工業大学です。よろしくお願い致します。
38787,工学部　情報学群　です
38788,こんにちは
38790,参加イベント：16/10/05「東北大内定者との食事会」大学：東北大学学科／専攻：工学部化学バイオ工学科名前：菊池晴菜子友人名：山本美樹
38791,東北大学女子ラクロス部宛に届いたメールを拝見しました。ぜひ参加したいと思います。よろしくお願いします。
38792,学部3年です。
38797,返信していただきありがとうございます。今回は友人の誘いはなしでお願いいたします。
38798,よろしくおねがいします！！
38803,私は就きたい職業の分野が定まっていないので悩んでいます
38807,はい！17卒を考えております
38808,初めまして、神奈川工科大学の情報工学専攻所属の吉野と申します。よろしくお願いします早速ですが、早期登録キャンペーンに参加したいと考えてます
38809,神奈川工科大学大学院１年工学研究科情報工学専攻です。早期登録キャンペーン参加希望です。
38810,自分の価値観を上手く伝えられるかみたいなことだと理解しました。
38811,内定は１つもらったみたいなんですが、就活を終えるタイミングが分からなくてまだ続けてるって言ってました。
38813,友達を1人誘いました、よろしくお願いします。
38815,ありがとうございます。自己分析方法をぜひ教えていただきたいです。
38818,アップは現在、アルバイトをしている会社なのですが。あまり経営が上手くいっているようには見えません。実際、どうなのでしょうか？
38819,あと、教材開発をする部署は教室長とは別にあるのですか？
38856,申し訳ございませんが、その日は予定があり、参加することができません。お役に立てず、すみません。
38861,情報ありがとうございます~ちなみにHPか連絡先を教えていただければと思いますが
38874,情報ありがとうございます。応募したいと思います。
38890,ご連絡いただきありがとうございました。最近、東京に行く予定がありません。また、海外展開及び医療機関向けメーカーを応募したいです。どうぞよろしくお願い申し上げます。
38896,連絡ありがとうごばちます！ぜひ応募したいです。
38899,そして自己分析はもう少し時間をください。
38901,分かりました。よろしくお願い致します。
38903,かしこまりました。
38906,よろしくお願いします
38914,いろいろ多くて申し訳ないですが、お時間がある時にでもよろしくお願いします！
38917,大学院生なので、工学研究科、情報工学専攻の1年になります
38923,ありがとうございます。
38924,ありがとうございます。
38925,こちらこそよろしくお願いいたします。
38927,お願いします
38928,株式会社Speeeのインターンに応募したいです。
38929,ぜひ説明お願いします
38930,ありがとうございます。speee は夏にすでに行きました
38931,ありがとうございます。早速、企業研究やりたくなりました！心強いお言葉ありがとうございます！よろしくお願い致します。
38932,はじめまして。
38933,名古屋工業大学大学院1年　社会工学専攻　大羽 慧　と申します。
38934,いきなりで恐縮ですが、早期登録キャンペーンに参加させていただきたいのですが、、
38935,申し訳ありませんが、内容が依然不透明に感じるので様子を見させて頂きます
38936,私も友人も大学院に行くか就活するかで悩んでいます。
38937,なるほど！ありがとうございます！
38938,鈴木百合彩(ゆりあ)です。
38940,了解しました。よろしくお願いいたします。
38941,おひさしぶりです！ご紹介ありがとうございます！今出先なので明日自宅に戻り次第検討して返信させていただきます！
38942,見つけたんで紹介したいのですがどのようにすればいいですか？
38943,少し、気になります。
38944,応募するには、どのようにしたら良いのでしょうか
38945,検討させていただきます。
38946,参加してみたいです。Speee はサマーインターンで選考で落とされてしまったのですが、それでも選考に参加できるのでしょうか？
38947,返事が遅くなりすみません
38948,本番のインターンはいつなのか知りたいです
38949,すみません、10月5日は研究室のゼミが入ってしまったため参加出来ません、、、
38950,10月から12月まで結構忙しい時期だと思いますか
38951,結構忙しい時期だと思いますが、スケジュールを確認したいから聞いただけです
38953,選考会に挑戦してみたいです。
38954,こんにちは!Speeeは以前に受けたことがあって、お祈りされているのです…笑
38955,遅くなり申し訳ありません上記のイベントに参加したいと思うのですが、どうすればいいでしょうか？何か申し込みフォーム等ございますか？
38956,はい、大丈夫です。よろしくお願いします
38957,いえ、まだ決まってません
38959,工学院大学2年生応用化学科です
38960,お久しぶりです！現在別のベンチャー起業で働かせていただいておりまして、日程に余裕がありましたらご連絡させていただきます！
38961,来年からインターンも始まり就活が始まってきます。どのように動いたらいいのでしょうか。アドバイスお願いします。
38962,こんにちわ
38963,こんにちは
38964,え
38965,就活の動きを教えてください
38967,ありがとうございます。日程を確認し行ける所で行ってみようと思います
38968,ありがとうございます。特に③はあまり考えられていなかったのでとても参考になりました！
38969,熊本大学大学院/1年/自然科学研究科理学専攻近松郁香（ちかまつあやか）です。23歳、女性です。
38970,例がわかりやすく理解できましたが、自分のことを考えるとなると不安はあります。
38971,就職活動は内々定を頂くことができ、無事終えることができました。数多くのアドバイスを頂き誠にありがとうございました！
38972,お返事はいただけないのでしょうか？
38974,分かりました。ありがとうございます。
38976,面接そのものを受けたい気持ちはあるのですが、いざ通ったときに内容に興味を持てるか分からない、という意味です。
38977,それでは、お願いしますはい、一人で参加します
38978,はい、聞いてみたいです
38979,インターンは、一級建築士の受験資格を得るために行きました
38981,仲野さんの紹介で入りました。産業能率大学 情報マネジメント学部 4年 マーケティング企画コース専攻です
38982,はい。早期登録キャンペーンへの参加で宜しく御願いします。研究は化学の有機化学分野で、酢酸マンガンを使ったプロペラん化合物の合成を行っています。
38984,このラインに送信させていただくということでよろしいでしょうか
38997,お返事が遅くなり、大変申し訳ありません。一緒に参加する予定だった友人が、既に私の分も一緒に予約していました。よろしくお願いいたします！
38998,筑波大学大学院1年生。システム情報工学研究科コンピュータサイエンス専攻の大平です。「早期登録キャンペーン」のチラシを見て登録させていただきました。
38999,大丈夫です、よろしくお願いします
39014,私も特にやりたいことはなく、やり始めればやりきりたいタイプなので、共感しやすいです。
39016,脇口さんお返事ありがとうございます。名前は小林剛士(こばやしたけし)です。よろしくお願い致します。
39017,お手伝いというのは、私がということでしょうか、それともコンシェルの方がという意味でしょうか。理解が追いつかず申し訳ございません。よろしくお願い致します。
39026,了解しました~ありがとうございます
39029,いえいえ！練習がてら、インターンシップのエントリーシートを出してみたのですが、選考は通らなかったので、いろいろ探してみようと思ってます！
39039,先日情報を頂いたZUUの長期インターンシップにエントリー致したく、ESを書きました。添削していただけますでしょうか？
39046,ゼネコンの研究職を目指しています
39047,過去にした自己分析を新たにもう一度してみます
39049,夏にインターンシップへ行きました。(三件)
39058,はい、よろしくお願い致します。
39063,電話番号は080-3534-2012です。よろしくお願いいたします。
39082,ぜひお願いします
39087,はい、理解は出来ます。
39088,今授業中…
39089,ちょっと検討してから連絡します
39092,ぜひお願いします。特に研究職となると情報がかなり不足してるので、、
39093,PDFで送ってもよろしいでしょうか。
39094,なるほど！よく分かりました。是非お願いします！
39097,了解しました。
39098,能力試験の検定はN2ですが、2012年の12月のものです。
39101,すみません2011年の12月です
39107,とてもわかりやすいです、ありがとうございます。
39108,MtoMのコミュニケーションは非常に得意なのですが、文章にすると感情的、抽象的になりがちです。
39113,いえ、すいません、今日の話になるんですが内定もらいましたので、就活終わることにしました。大変お世話になりました
39117,はい！ありがとうございます！
39118,せっかくなんですが、12月2日に授業がありまして恐らく参加できないかと思います。ありがとうございます。またよろしくお願いします。
39122,大丈夫でしょうか？
39128,サービス業は、ぜいたくを言うことになりますが、高級ホテルなど、サービス内容に誇りをもって提供できる場所がいいなと思っているので、高望みかもしれません…。
39129,関マサナオといいます
39130,広島テレビです
39131,三菱インフォメーションシステムズNHKメディアテクノロジー宮地商会のインターンシップです。
39133,はい！ありがとうございます！大学は福島大学 人文社会学群 行政政策学類に所属しております！
39135,謎でした笑ぜひ！聞きたいです！！
39136,外資系の社風はわたしには合わないと思いました。会計×金融だとなかなか私に合うのはない気がしました…
39137,資格についてのアドバイスありがとうございます！
39140,インターンは何もまだ行ってないです。行くつもりもなかったです、、
39141,わかりました勉強してみます
39142,基本的に営業をやらせていただいてます！起業向けの商材を売り込みに、沢山の会社にアポを取って多くの起業を訪問しています！
39143,返信が遅くなってしまって申し訳ございません。興味はあるのですが、今からでも大丈夫でしょうか？
39144,ありがとうございます。10/5のイベントですが、一人で行く予定でしたが友人を誘ったら参加したいとのことでした。今から申し込むことは可能でしょうか？
39148,お願いします
39151,参加イベント：16/10/05「東北大内定者との食事会」大学：東北大学学科／専攻：理学部物理学科名前：横地信吾
39154,となると結論場慣れとかになるんですね、伝える力に関しては把握しました！speeeに関しても興味あるのですが！
39155,そうなんですね！少し興味が出てきました！
39157,友人名 : 中島治樹
39158,よろしくお願い致します。
39160,ありがとうございます。よろしくお願いいたします。技術採用です！！本当にお世話になりました。
39168,是非させていただきたいです。
39169,こんにちは。今回はANA総合職のインターンのESを書きました
39176,一橋_鎌田峻一_18卒が画像を送信しました
39181,よろしくお願いいたします
39187,東京電機大学/修士1年/ ロボット・メカトロニクス学専攻
39189,東京電機大学/修士1年/ロボット・メカトロニクス学専攻
39192,東京電機大学大学院/1年/未来科学研究科 ロボット・メカトロニクス学専攻
39195,東京電機大学大学院/修士1年/ロボット・メカトロニクス学専攻です。
39196,早期登録キャンペーン
39198,早期登録キャンペーンに参加したく連絡しました
39199,早期参加キャンペーン参加
39202,初めまして！ふぁ太郎です！早期登録キャンペーンに参加します
39203,早期登録キャンペーンを見てLINEを送らせていただきました。私の名前は片岡です。
39205,お手数おかけしますが、よろしくお願い致します！
39206,伊藤来実さんです。東北大学3年生で、農学部生物生産化学科です。
39213,こんにちは。よろしくお願いします。はい、友人の中島も参加でお願いします。
39217,5日のイベントですが、参加させていただきたいです。まだ空きはありますでしょうか？
39218,イベントに関しては部活動の先輩から教わりまして以下のサイトで詳細を知りました。http://discover-online.jp/events/1836
39219,IT業界志望です
39230,大丈夫です
39231,引き続き説明お願いします
39245,橋詰太一郎東北大学工学研究科M1
39248,この友人を誘っていこうと思います！
39254,共感しました
39255,宜しくお願い致します！
39257,東京電機大学情報メディア学科3年です。
39258,芝浦工業大学 3年 情報系を学んでます！ふぁ太郎と読んでください！
39260,よろしくお願い致します。修正がありましたら、ご指摘お願い致します。
39261,はい。中島も部活動の同期です。当日は宜しくお願い致します。
39262,名古屋工業大学大学院 M1電気・機械工学専攻松内恒介です。早期登録キャンペーンに参加したくメールしました。
39264,なるほど。大丈夫です！
39268,東海大学3年齢工学部動力機械工学科早期登録キャンペーン
39271,はい。少しわかってきました！
39272,一言で申しますと、ストレスを低減させるサービスです。私含め5人の学生と1人の社会人、計6人で起業しました。電話の件了解しました。是非お願い致します。
39273,ご連絡いただきありがとうございました。大変助かります。来週の水曜日は東京に行けます。時間帯は何時から何時まででしょうか、教えて頂ければ幸いです。よろしくお願い致します。
39274,はい。早期登録キャンペーンの登録でよろしくお願いします。
39276,ありがとうございます。東京でももしこれというものがあればお知らせいただきたいです。
39277,先輩から教えてもらいました
39278,また、もう合同説明会のようなものは開催されないのでしょうか？？
39280,アドバイスありがとうございますm(_ _)mそうですね。疑問点、魅力に思った点はまとめておきたいと思います！
39281,全研本社様から本日2次選考についてのご連絡を頂きました。日程は10/6の14時からです。
39292,はじめまして。私、横浜市立大学国際総合科学部国際総合科学科理学系物質科学コース4年の石塚慎哉と申します。
39301,わかりました！
39308,選考会はいつかもう決まってますか？
39309,それも応募してから本社の方からの連絡という形でしょうか？
39314,ありがとうございます。承知致しました。そうしましたら、5時頃でもよろしいでしょうか？よろしくお願い致します。
39317,宜しくお願い申し上げます
39326,次の週は学位予備審査が入ってしまい、ちょっと難しいです。お手数をかけましてすみません。どうぞよろしくお願い申し上げます。
39327,できるだけ多くの職種や業種に触れられる説明会に参加したいです。
39329,わかりました！！
39332,参加イベント:16/10/05「東北大内定者との食事会」大学:東北大学学科/専攻:理学部/地球科学名前:弓濱まどか
39334,理解できました
39335,申し訳ございません。本日は17:45以降に連絡頂いてもよろしいでしょうか？よろしくお願い致します。
39336,自分一人の参加で大丈夫です。メールでこのイベントについて知りました。
39337,すみません昨日から現場での実験が始まり返信ができませんでした。連絡の件につきまして9/29（木）、9/30（金）の4時以降でお願いすることが可能でしょうか。
39338,このイベントに参加するにはどうすればよいのでしょうか
39339,本当ですか！ありがとうございます！！是非やってみます！
39340,あー、そうなんですね！色々と考えてみようと思います(^o^)化学系の業界や企業を希望してます。
